Handle,Title,Body HTML,Vendor,Type,Tags,Published,Option1 Name,Option1 Value,Option2 Name,Option2 Value,Option3 Name,Option3 Value,Variant SKU,Variant Price,Variant Compare At Price,Variant Inventory Qty,Variant Inventory Policy,Image Src,Image Position,Status,Command
bm-aislante-termico-biotherm-547,Aislante térmico BIOTHERM,"<ul><li>Reductor de temperatura para techos y paredes. Biotherm es una pintura aislante térmica de alta performance, con 5 años de garantía, ideal como aislante para techos y paredes.</li></ul><p style=""margin-top:20px;""><a href=""https://www.biomassa.com.uy/ficha-tecnica-biotherm"" target=""_blank"" rel=""noopener"" style=""display:inline-block;padding:12px 22px;background:#1a1a1a;color:#ffffff;text-decoration:none;border-radius:6px;font-weight:700;font-size:15px;"">📄 Ver ficha técnica completa</a></p>",Biomassa,Construcción,"Steel Framing, Biomassa",TRUE,Título,Default Title,,,,,BT001,9420.00,,10,deny,https://www.biomassa.com.uy/web/image/product.product/547/image_1920?unique=c2d5c8d,1,,
bm-barniz-pu-satinado-583,Barniz PU Satinado,"<ul><li>Protector de superficies satinado</li><li>Barniz PU es una laca incolora monocomponente en base agua que crea una protección transparente de brillo satinado (intermedio entre el mate y el brilloso). Está indicado para la protección impermeable de superficies como el cemento quemado, pinturas, estructuras de hormigón, suelos de cemento y madera.</li><li>Ver ficha técnica</li></ul><p style=""margin-top:20px;""><a href=""https://www.biomassa.com.uy/ficha-tecnica-barniz-pu"" target=""_blank"" rel=""noopener"" style=""display:inline-block;padding:12px 22px;background:#1a1a1a;color:#ffffff;text-decoration:none;border-radius:6px;font-weight:700;font-size:15px;"">📄 Ver ficha técnica completa</a></p>",Biomassa,Construcción,"Protección de Superficies, Biomassa",TRUE,Título,Default Title,,,,,BV001PU,5880.00,,10,deny,https://www.biomassa.com.uy/web/image/product.product/583/image_1920?unique=3340b6e,1,,
bm-basecoat-polimerico-bioflex-529,Basecoat polimérico BIOFLEX,"<ul><li>Basecoat (Bioflex) es un mortero polimérico flexible desarrollado para tratamiento de juntas y para regularización de zonas internas y externas para construcción en seco.</li></ul><p style=""margin-top:20px;""><a href=""https://www.biomassa.com.uy/ficha-tecnica-basecoat"" target=""_blank"" rel=""noopener"" style=""display:inline-block;padding:12px 22px;background:#1a1a1a;color:#ffffff;text-decoration:none;border-radius:6px;font-weight:700;font-size:15px;"">📄 Ver ficha técnica completa</a></p>",Biomassa,Construcción,"Steel Framing, Biomassa",TRUE,Título,Default Title,,,,,BFX001,3840.00,,0,deny,https://www.biomassa.com.uy/web/image/product.product/529/image_1920?unique=63f5f9c,1,,
bm-bioblock-bloqueador-de-humedad-582,Bloqueador de humedad BIOBLOCK,"<ul><li>Bloquea la humedad ascendente de tus paredes con Bioblock. Mortero polimérico listo para usar de alta durabilidad. Compra en Biomassa Uruguay.</li></ul><p style=""margin-top:20px;""><a href=""https://www.biomassa.com.uy/ficha-tecnica-bioblock"" target=""_blank"" rel=""noopener"" style=""display:inline-block;padding:12px 22px;background:#1a1a1a;color:#ffffff;text-decoration:none;border-radius:6px;font-weight:700;font-size:15px;"">📄 Ver ficha técnica completa</a></p>",Biomassa,Construcción,"Impermeabilizantes, Biomassa",TRUE,Presentación,4 kg,,,,,BLK001,1880.00,,10,deny,https://www.biomassa.com.uy/web/image/product.template/582/image_1920?unique=374d471,1,,
bm-bioblock-bloqueador-de-humedad-582,,,,,,,,12 kg,,,,,BLK003,3840.00,,10,deny,,,,
bm-bioblock-bloqueador-de-humedad-582,,,,,,,,,,,,,,,,,,https://www.biomassa.com.uy/web/image/product.product/832/image_1920?unique=8d0e29e,2,,
bm-bioblock-bloqueador-de-humedad-582,,,,,,,,,,,,,,,,,,https://www.biomassa.com.uy/web/image/product.product/582/image_1920?unique=1ef2498,3,,
bm-efecto-cemento-quemado-568,Efecto cemento quemado,"<ul><li>Revestimiento decorativo para paredes y pisos Efecto Cemento Quemado es una masa polimérica lista para usar. Se puede aplicar en paredes internas, externas, sobre pisos, contrapisos, baldosas, escaleras y mesadas.</li></ul><p style=""margin-top:20px;""><a href=""https://www.biomassa.com.uy/ficha-tecnica-cemento-quemado"" target=""_blank"" rel=""noopener"" style=""display:inline-block;padding:12px 22px;background:#1a1a1a;color:#ffffff;text-decoration:none;border-radius:6px;font-weight:700;font-size:15px;"">📄 Ver ficha técnica completa</a></p>",Biomassa,Construcción,"Revestimientos, Biomassa",TRUE,Color,Arenito,,,,,CQ0002,2840.00,,10,deny,https://www.biomassa.com.uy/web/image/product.template/568/image_1920?unique=68fa414,1,,
bm-efecto-cemento-quemado-568,,,,,,,,Baby Blue,,,,,CQ0003,2840.00,,10,deny,,,,
bm-efecto-cemento-quemado-568,,,,,,,,Baby Rose,,,,,CQ0004,2840.00,,0,deny,,,,
bm-efecto-cemento-quemado-568,,,,,,,,Cianita,,,,,CQ0005,2840.00,,10,deny,,,,
bm-efecto-cemento-quemado-568,,,,,,,,Geodo,,,,,CQ0006,2840.00,,10,deny,,,,
bm-efecto-cemento-quemado-568,,,,,,,,Kianite,,,,,CQ0008,2840.00,,10,deny,,,,
bm-efecto-cemento-quemado-568,,,,,,,,Obsidiana,,,,,CQ0009,2840.00,,10,deny,,,,
bm-efecto-cemento-quemado-568,,,,,,,,Olaria,,,,,CQ0010,2840.00,,10,deny,,,,
bm-efecto-cemento-quemado-568,,,,,,,,Oro envejecido,,,,,CQ0011,2840.00,,10,deny,,,,
bm-efecto-cemento-quemado-568,,,,,,,,Cuarzo,,,,,CQ0012,2840.00,,10,deny,,,,
bm-efecto-cemento-quemado-568,,,,,,,,Rubi Rose,,,,,CQ0013,2840.00,,10,deny,,,,
bm-efecto-cemento-quemado-568,,,,,,,,Safira,,,,,CQ0014,2840.00,,10,deny,,,,
bm-efecto-cemento-quemado-568,,,,,,,,Ticholo,,,,,CQ0015,2840.00,,10,deny,,,,
bm-efecto-cemento-quemado-568,,,,,,,,Sertao,,,,,CQ0017,2840.00,,10,deny,,,,
bm-efecto-cemento-quemado-568,,,,,,,,Amazonia,,,,,CQ0019,2840.00,,10,deny,,,,
bm-efecto-cemento-quemado-568,,,,,,,,Off-White,,,,,CQ0020,2840.00,,10,deny,,,,
bm-efecto-cemento-quemado-568,,,,,,,,Palha,,,,,CQ0021,2840.00,,10,deny,,,,
bm-efecto-cemento-quemado-568,,,,,,,,Concreto,,,,,CQ0023,2840.00,,10,deny,,,,
bm-efecto-cemento-quemado-568,,,,,,,,,,,,,,,,,,https://www.biomassa.com.uy/web/image/product.product/663/image_1920?unique=00e148b,2,,
bm-efecto-cemento-quemado-568,,,,,,,,,,,,,,,,,,https://www.biomassa.com.uy/web/image/product.product/667/image_1920?unique=68fa414,3,,
bm-efecto-cemento-quemado-568,,,,,,,,,,,,,,,,,,https://www.biomassa.com.uy/web/image/product.product/845/image_1920?unique=68fa414,4,,
bm-efecto-cemento-quemado-568,,,,,,,,,,,,,,,,,,https://www.biomassa.com.uy/web/image/product.product/668/image_1920?unique=a725c34,5,,
bm-efecto-cemento-quemado-568,,,,,,,,,,,,,,,,,,https://www.biomassa.com.uy/web/image/product.product/670/image_1920?unique=68fa414,6,,
bm-efecto-cemento-quemado-568,,,,,,,,,,,,,,,,,,https://www.biomassa.com.uy/web/image/product.product/678/image_1920?unique=68fa414,7,,
bm-efecto-cemento-quemado-568,,,,,,,,,,,,,,,,,,https://www.biomassa.com.uy/web/image/product.product/672/image_1920?unique=68fa414,8,,
bm-efecto-cemento-quemado-568,,,,,,,,,,,,,,,,,,https://www.biomassa.com.uy/web/image/product.product/674/image_1920?unique=68fa414,9,,
bm-efecto-decorativo-marmol-570,Efecto decorativo mármol,"<ul><li>Revestimiento efecto mármol para paredes</li><li>Efecto mármol es un revestimiento decorativo, visualmente similar al estuco veneciano, y completamente listo para usar. Transforma cualquier ambiente interior o exterior con un acabado liso y una textura mármol suave, ideal para quienes buscan una solución económica, de alto impacto visual.</li><li>Ver ficha técnica</li></ul><p style=""margin-top:20px;""><a href=""https://www.biomassa.com.uy/ficha-tecnica-efecto-decorativo-marmol"" target=""_blank"" rel=""noopener"" style=""display:inline-block;padding:12px 22px;background:#1a1a1a;color:#ffffff;text-decoration:none;border-radius:6px;font-weight:700;font-size:15px;"">📄 Ver ficha técnica completa</a></p>",Biomassa,Construcción,"Revestimientos, Biomassa",TRUE,Color,Blanco,,,,,EM000,1510.00,,10,deny,https://www.biomassa.com.uy/web/image/product.template/570/image_1920?unique=4b5d838,1,,
bm-efecto-decorativo-marmol-570,,,,,,,,Marron,,,,,EM001,1510.00,,10,deny,,,,
bm-efecto-decorativo-marmol-570,,,,,,,,Negro,,,,,EM005,1510.00,,10,deny,,,,
bm-efecto-decorativo-marmol-570,,,,,,,,,,,,,,,,,,https://www.biomassa.com.uy/web/image/product.product/684/image_1920?unique=3bb7ab4,2,,
bm-efecto-decorativo-marmol-570,,,,,,,,,,,,,,,,,,https://www.biomassa.com.uy/web/image/product.product/685/image_1920?unique=4b5d838,3,,
bm-efecto-decorativo-marmol-570,,,,,,,,,,,,,,,,,,https://www.biomassa.com.uy/web/image/product.product/683/image_1920?unique=4b5d838,4,,
bm-enduido-acrilico-573,Enduido acrílico,"<ul><li>Enduido acrílico interior exterior de fácil lijado.</li><li>Viene 100% listo para uso y es un revestimiento fino ideal para nivelar y corregir imperfecciones en paredes interiores y exteriores.</li></ul><p style=""margin-top:20px;""><a href=""https://www.biomassa.com.uy/ficha-tecnica-enduido-acrilico"" target=""_blank"" rel=""noopener"" style=""display:inline-block;padding:12px 22px;background:#1a1a1a;color:#ffffff;text-decoration:none;border-radius:6px;font-weight:700;font-size:15px;"">📄 Ver ficha técnica completa</a></p>",Biomassa,Construcción,"Masillas y Pre-pintura, Biomassa",TRUE,Presentación,"5,8 kg",,,,,MAPB001,790.00,,10,deny,https://www.biomassa.com.uy/web/image/product.template/573/image_1920?unique=bf16295,1,,
bm-enduido-acrilico-573,,,,,,,,25 kg,,,,,MPB002,2860.00,,10,deny,,,,
bm-enduido-acrilico-573,,,,,,,,,,,,,,,,,,https://www.biomassa.com.uy/web/image/product.product/573/image_1920?unique=bf16295,2,,
bm-enduido-acrilico-573,,,,,,,,,,,,,,,,,,https://www.biomassa.com.uy/web/image/product.product/842/image_1920?unique=bf16295,3,,
bm-fpb001-pre-pintura-fondo-fijador-575,Pre pintura Fondo Fijador,"<ul><li>Pre pintura para paredes viejas</li><li>Fondo fijador es una preparador de superficies, diseñado para optimizar el rendimiento y la durabilidad de los acabados de pintura. Su formulación actúa como una barrera que previene el deterioro prematuro de la pintura un problema frecuente en construcciones con alta humedad.</li><li>Ver ficha técnica</li></ul><p style=""margin-top:20px;""><a href=""https://www.biomassa.com.uy/ficha-tecnica-pre-pintura-fondo-preparador"" target=""_blank"" rel=""noopener"" style=""display:inline-block;padding:12px 22px;background:#1a1a1a;color:#ffffff;text-decoration:none;border-radius:6px;font-weight:700;font-size:15px;"">📄 Ver ficha técnica completa</a></p>",Biomassa,Construcción,"Masillas y Pre-pintura, Biomassa",TRUE,Título,Default Title,,,,,FPB001,2490.00,,10,deny,https://www.biomassa.com.uy/web/image/product.product/575/image_1920?unique=eb12b5c,1,,
bm-membrana-liquida-impermeabilizante-579,Membrana líquida impermeabilizante,"<ul><li>Cómo aplicar Membrana líquida impermeabilizante exterior | Biomassa Uruguay</li></ul><p style=""margin-top:20px;""><a href=""https://www.biomassa.com.uy/ficha-tecnica-membrana-liquida"" target=""_blank"" rel=""noopener"" style=""display:inline-block;padding:12px 22px;background:#1a1a1a;color:#ffffff;text-decoration:none;border-radius:6px;font-weight:700;font-size:15px;"">📄 Ver ficha técnica completa</a></p>",Biomassa,Construcción,"Impermeabilizantes, Biomassa",TRUE,Título,Default Title,,,,,UM12,4210.00,,10,deny,https://www.biomassa.com.uy/web/image/product.product/579/image_1920?unique=ecc8c69,1,,
bm-mezcla-pronta-1-unidad-526,Mezcla pronta sachet de 3 kg,"<ul><li>Ahorra tiempo y material con Mezcla Pronta Biomassa. Mortero polimérico para bloques, listo para usar y de alto rendimiento. ¡Compra online en Biomassa Uruguay!</li></ul><p style=""margin-top:20px;""><a href=""https://www.biomassa.com.uy/ficha-tecnica-mezcla-pronta"" target=""_blank"" rel=""noopener"" style=""display:inline-block;padding:12px 22px;background:#1a1a1a;color:#ffffff;text-decoration:none;border-radius:6px;font-weight:700;font-size:15px;"">📄 Ver ficha técnica completa</a></p>",Biomassa,Construcción,"Morteros, Biomassa",TRUE,Título,Default Title,,,,,AB-004,380.00,,10,deny,https://www.biomassa.com.uy/web/image/product.product/526/image_1920?unique=0b0b56c,1,,
bm-mezcla-pronta-caja-6-unidades-661,Mezcla pronta - 6 unidades,"<ul><li>Mezcla pronta es un mortero polimérico listo para usar, desarrollado para el asentamiento de bloques celular HCCA, bloques de hormigón, ticholos, ladrillos, etc</li></ul><p style=""margin-top:20px;""><a href=""https://www.biomassa.com.uy/ficha-tecnica-mezcla-pronta"" target=""_blank"" rel=""noopener"" style=""display:inline-block;padding:12px 22px;background:#1a1a1a;color:#ffffff;text-decoration:none;border-radius:6px;font-weight:700;font-size:15px;"">📄 Ver ficha técnica completa</a></p>",Biomassa,Construcción,"Morteros, Biomassa",TRUE,Título,Default Title,,,,,AB-008,1840.00,,10,deny,https://www.biomassa.com.uy/web/image/product.product/661/image_1920?unique=8328545,1,,
bm-mezcla-pronta-pack-3-unidades-660,Mezcla pronta - 3 unidades,"<ul><li>Variante de 3 unidades de mezcla pronta. Total 9 Kg.</li></ul><p style=""margin-top:20px;""><a href=""https://www.biomassa.com.uy/ficha-tecnica-mezcla-pronta"" target=""_blank"" rel=""noopener"" style=""display:inline-block;padding:12px 22px;background:#1a1a1a;color:#ffffff;text-decoration:none;border-radius:6px;font-weight:700;font-size:15px;"">📄 Ver ficha técnica completa</a></p>",Biomassa,Construcción,"Morteros, Biomassa",TRUE,Título,Default Title,,,,,AB-007,990.00,,10,deny,https://www.biomassa.com.uy/web/image/product.product/660/image_1920?unique=65cccc6,1,,
bm-nivelante-para-pisos-y-paredes-652,Nivelante para pisos y paredes,"<ul><li>Masa niveladora de pisos y paredes</li><li>Nivelante de pisos es un mortero polimérico de alto rendimiento, indicado para nivelar superficies interiores y exteriores, húmedas o secas, antes de aplicar revestimientos como cemento quemado, pinturas o compuestos decorativos. Su fórmula lista para usar facilita la aplicación, promueve una nivelación eficaz, mejora la adherencia del acabado final y ofrece protección e impermeabilidad a la base.</li><li>Ver ficha técnica</li></ul><p style=""margin-top:20px;""><a href=""https://www.biomassa.com.uy/ficha-tecnica-masa-niveladora"" target=""_blank"" rel=""noopener"" style=""display:inline-block;padding:12px 22px;background:#1a1a1a;color:#ffffff;text-decoration:none;border-radius:6px;font-weight:700;font-size:15px;"">📄 Ver ficha técnica completa</a></p>",Biomassa,Construcción,"Morteros, Biomassa",TRUE,Título,Default Title,,,,,MN101,3840.00,,10,deny,https://www.biomassa.com.uy/web/image/product.product/652/image_1920?unique=9ace49c,1,,
bm-pintura-exterior-537,Pintura exterior,"<ul><li>Impermeabilizante de fachadas</li><li>Pintura impermeabilizante exterior e interior con alta capacidad de sellado y resistencia al agua que forma una película continua, hidrorrepelente y flexible.</li></ul><p style=""margin-top:20px;""><a href=""https://www.biomassa.com.uy/ficha-tecnica-pintura-exterior"" target=""_blank"" rel=""noopener"" style=""display:inline-block;padding:12px 22px;background:#1a1a1a;color:#ffffff;text-decoration:none;border-radius:6px;font-weight:700;font-size:15px;"">📄 Ver ficha técnica completa</a></p>",Biomassa,Construcción,"Pinturas, Biomassa",TRUE,Presentación,"3,6 L",Color,Blanco,,,TE002,1510.00,,10,deny,https://www.biomassa.com.uy/web/image/product.template/537/image_1920?unique=cc90ad7,1,,
bm-pintura-exterior-537,,,,,,,,"3,6 L",,Cromo,,,TE003,1510.00,,0,deny,,,,
bm-pintura-exterior-537,,,,,,,,"3,6 L",,nanquim,,,TE004,1510.00,,10,deny,,,,
bm-pintura-exterior-537,,,,,,,,"3,6 L",,asfalto,,,TE005,1510.00,,10,deny,,,,
bm-pintura-exterior-537,,,,,,,,"3,6 L",,Negro,,,TE006,1510.00,,10,deny,,,,
bm-pintura-exterior-537,,,,,,,,"3,6 L",,hielo,,,TE007,1510.00,,10,deny,,,,
bm-pintura-exterior-537,,,,,,,,"3,6 L",,Algodon,,,TE008,1510.00,,10,deny,,,,
bm-pintura-exterior-537,,,,,,,,"3,6 L",,Arena,,,TE009,1510.00,,10,deny,,,,
bm-pintura-exterior-537,,,,,,,,18 L,,Blanco,,,TE102,5880.00,,10,deny,,,,
bm-pintura-exterior-537,,,,,,,,18 L,,Cromo,,,TE103,5880.00,,0,deny,,,,
bm-pintura-exterior-537,,,,,,,,18 L,,nanquim,,,TE104,5880.00,,0,deny,,,,
bm-pintura-exterior-537,,,,,,,,18 L,,asfalto,,,TE105,5880.00,,0,deny,,,,
bm-pintura-exterior-537,,,,,,,,18 L,,Negro,,,TE106,5880.00,,0,deny,,,,
bm-pintura-exterior-537,,,,,,,,18 L,,hielo,,,TE107,5880.00,,0,deny,,,,
bm-pintura-exterior-537,,,,,,,,18 L,,Algodon,,,TE108,5880.00,,0,deny,,,,
bm-pintura-exterior-537,,,,,,,,18 L,,Arena,,,TE109,5880.00,,0,deny,,,,
bm-pintura-exterior-537,,,,,,,,,,,,,,,,,,https://www.biomassa.com.uy/web/image/product.product/848/image_1920?unique=31c8605,2,,
bm-pintura-exterior-537,,,,,,,,,,,,,,,,,,https://www.biomassa.com.uy/web/image/product.product/851/image_1920?unique=cc90ad7,3,,
bm-pintura-exterior-537,,,,,,,,,,,,,,,,,,https://www.biomassa.com.uy/web/image/product.product/853/image_1920?unique=cc90ad7,4,,
bm-pintura-exterior-537,,,,,,,,,,,,,,,,,,https://www.biomassa.com.uy/web/image/product.product/854/image_1920?unique=cc90ad7,5,,
bm-pintura-exterior-537,,,,,,,,,,,,,,,,,,https://www.biomassa.com.uy/web/image/product.product/862/image_1920?unique=cc90ad7,6,,
bm-pintura-exterior-537,,,,,,,,,,,,,,,,,,https://www.biomassa.com.uy/web/image/product.product/852/image_1920?unique=cc90ad7,7,,
bm-pintura-exterior-537,,,,,,,,,,,,,,,,,,https://www.biomassa.com.uy/web/image/product.product/849/image_1920?unique=cc90ad7,8,,
bm-pintura-exterior-537,,,,,,,,,,,,,,,,,,https://www.biomassa.com.uy/web/image/product.product/850/image_1920?unique=cc90ad7,9,,
bm-promotor-de-adherencia-578,Promotor de adherencia,"<ul><li>Promotor de adherencia para superficies lisas</li><li>Bioprimer es un imprimante a base de agua que se utiliza para crear una capa superpuesta sobre cerámica, porcelanato, azulejos y otros tipos de materiales que se utiliza antes de aplicar Cemento Quemado. Adecuado para áreas interiores y exteriores, sella superficies muy lisas y evita que el revestimiento se desplace.</li><li>Ver ficha técnica</li></ul><p style=""margin-top:20px;""><a href=""https://www.biomassa.com.uy/ficha-tecnica-promotor-de-adherencia"" target=""_blank"" rel=""noopener"" style=""display:inline-block;padding:12px 22px;background:#1a1a1a;color:#ffffff;text-decoration:none;border-radius:6px;font-weight:700;font-size:15px;"">📄 Ver ficha técnica completa</a></p>",Biomassa,Construcción,"Masillas y Pre-pintura, Biomassa",TRUE,Título,Default Title,,,,,PR02,2020.00,,10,deny,https://www.biomassa.com.uy/web/image/product.product/578/image_1920?unique=6c37cd3,1,,
bm-revestimiento-piedras-lamato-916,Revestimiento piedras lamato,"<ul><li>Textura de piedras lamato</li></ul><p style=""margin-top:20px;""><a href=""https://www.biomassa.com.uy/ficha-tecnica-revestimiento-piedras-lamato"" target=""_blank"" rel=""noopener"" style=""display:inline-block;padding:12px 22px;background:#1a1a1a;color:#ffffff;text-decoration:none;border-radius:6px;font-weight:700;font-size:15px;"">📄 Ver ficha técnica completa</a></p>",Biomassa,Construcción,"Revestimientos, Biomassa",TRUE,Color,Negro,,,,,,5490.00,,0,deny,https://www.biomassa.com.uy/web/image/product.template/916/image_1920?unique=12286fc,1,,
bm-revestimiento-piedras-lamato-916,,,,,,,,Asfalto,,,,,,5490.00,,0,deny,,,,
bm-revestimiento-piedras-lamato-916,,,,,,,,Nankin,,,,,,5490.00,,0,deny,,,,
bm-revestimiento-piedras-lamato-916,,,,,,,,Cromo,,,,,,5490.00,,0,deny,,,,
bm-revestimiento-piedras-lamato-916,,,,,,,,Hielo,,,,,,5490.00,,0,deny,,,,
bm-revestimiento-piedras-lamato-916,,,,,,,,Algodon,,,,,,5490.00,,10,deny,,,,
bm-revestimiento-piedras-lamato-916,,,,,,,,Arena,,,,,,5490.00,,0,deny,,,,
bm-revestimiento-piedras-lamato-916,,,,,,,,Blanco,,,,,,5490.00,,10,deny,,,,
bm-revestimiento-piedras-lamato-916,,,,,,,,,,,,,,,,,,https://www.biomassa.com.uy/web/image/product.product/781/image_1920?unique=12286fc,2,,
bm-revestimiento-piedras-lamato-916,,,,,,,,,,,,,,,,,,https://www.biomassa.com.uy/web/image/product.product/782/image_1920?unique=12286fc,3,,
bm-revestimiento-piedras-lamato-916,,,,,,,,,,,,,,,,,,https://www.biomassa.com.uy/web/image/product.product/783/image_1920?unique=12286fc,4,,
bm-revestimiento-piedras-lamato-916,,,,,,,,,,,,,,,,,,https://www.biomassa.com.uy/web/image/product.product/784/image_1920?unique=12286fc,5,,
bm-revestimiento-piedras-lamato-916,,,,,,,,,,,,,,,,,,https://www.biomassa.com.uy/web/image/product.product/785/image_1920?unique=12286fc,6,,
bm-revestimiento-piedras-lamato-916,,,,,,,,,,,,,,,,,,https://www.biomassa.com.uy/web/image/product.product/786/image_1920?unique=12286fc,7,,
bm-revestimiento-piedras-lamato-916,,,,,,,,,,,,,,,,,,https://www.biomassa.com.uy/web/image/product.product/787/image_1920?unique=12286fc,8,,
bm-revestimiento-piedras-lamato-916,,,,,,,,,,,,,,,,,,https://www.biomassa.com.uy/web/image/product.product/788/image_1920?unique=12286fc,9,,
bm-revestimiento-texturado-915,Revestimiento texturado,"<ul><li>Revestimiento texturado exterior pronto para uso Biomassa.</li></ul><p style=""margin-top:20px;""><a href=""https://www.biomassa.com.uy/ficha-tecnica-revestimiento-texturado"" target=""_blank"" rel=""noopener"" style=""display:inline-block;padding:12px 22px;background:#1a1a1a;color:#ffffff;text-decoration:none;border-radius:6px;font-weight:700;font-size:15px;"">📄 Ver ficha técnica completa</a></p>",Biomassa,Construcción,"Revestimientos, Biomassa",TRUE,Color,Blanco,,,,,BTLR001,4420.00,,10,deny,https://www.biomassa.com.uy/web/image/product.template/915/image_1920?unique=0a6828f,1,,
bm-revestimiento-texturado-915,,,,,,,,Arena,,,,,BTLR003,4420.00,,10,deny,,,,
bm-revestimiento-texturado-915,,,,,,,,Cromo,,,,,BTLR005,4420.00,,10,deny,,,,
bm-revestimiento-texturado-915,,,,,,,,Nankin,,,,,BTLR006,4420.00,,10,deny,,,,
bm-revestimiento-texturado-915,,,,,,,,Negro,,,,,,4420.00,,0,deny,,,,
bm-revestimiento-texturado-915,,,,,,,,Hielo,,,,,,4420.00,,0,deny,,,,
bm-revestimiento-texturado-915,,,,,,,,Algodon,,,,,,4420.00,,0,deny,,,,
bm-revestimiento-texturado-915,,,,,,,,Asfalto,,,,,,4420.00,,0,deny,,,,
bm-revestimiento-texturado-915,,,,,,,,,,,,,,,,,,https://www.biomassa.com.uy/web/image/product.product/773/image_1920?unique=0a6828f,2,,
bm-revestimiento-texturado-915,,,,,,,,,,,,,,,,,,https://www.biomassa.com.uy/web/image/product.product/777/image_1920?unique=0a6828f,3,,
bm-revestimiento-texturado-915,,,,,,,,,,,,,,,,,,https://www.biomassa.com.uy/web/image/product.product/776/image_1920?unique=0a6828f,4,,
bm-revestimiento-texturado-915,,,,,,,,,,,,,,,,,,https://www.biomassa.com.uy/web/image/product.product/779/image_1920?unique=0a6828f,5,,
bm-revestimiento-texturado-915,,,,,,,,,,,,,,,,,,https://www.biomassa.com.uy/web/image/product.product/774/image_1920?unique=0a6828f,6,,
bm-revestimiento-texturado-915,,,,,,,,,,,,,,,,,,https://www.biomassa.com.uy/web/image/product.product/775/image_1920?unique=0a6828f,7,,
bm-revestimiento-texturado-915,,,,,,,,,,,,,,,,,,https://www.biomassa.com.uy/web/image/product.product/778/image_1920?unique=0a6828f,8,,
bm-revestimiento-texturado-915,,,,,,,,,,,,,,,,,,https://www.biomassa.com.uy/web/image/product.product/780/image_1920?unique=0a6828f,9,,
bm-revoque-pronto-para-uso-530,Revoque pronto para uso,"<ul><li>Revoque polimérico hidrófugo proyectable 100% listo para uso en paredes internas y externas.</li></ul><p style=""margin-top:20px;""><a href=""https://www.biomassa.com.uy/ficha-tecnica-revoque-pronto"" target=""_blank"" rel=""noopener"" style=""display:inline-block;padding:12px 22px;background:#1a1a1a;color:#ffffff;text-decoration:none;border-radius:6px;font-weight:700;font-size:15px;"">📄 Ver ficha técnica completa</a></p>",Biomassa,Construcción,"Morteros, Biomassa",TRUE,Presentación,5 kg,,,,,RP003,990.00,,10,deny,https://www.biomassa.com.uy/web/image/product.template/530/image_1920?unique=3978b27,1,,
bm-revoque-pronto-para-uso-530,,,,,,,,25 kg,,,,,RP025,3020.00,,10,deny,,,,
bm-revoque-pronto-para-uso-530,,,,,,,,,,,,,,,,,,https://www.biomassa.com.uy/web/image/product.product/833/image_1920?unique=ba6179f,2,,
bm-revoque-pronto-para-uso-530,,,,,,,,,,,,,,,,,,https://www.biomassa.com.uy/web/image/product.product/530/image_1920?unique=c0cc0a0,3,,
bm-sab001-pre-pintura-sellador-acrilico-576,Pre pintura sellador acrílico,"<ul><li>Cómo aplicar Pre pintura Sellador acrílico Biomassa para paredes nuevas.</li></ul><p style=""margin-top:20px;""><a href=""https://www.biomassa.com.uy/ficha-tecnica-pre-pintura-sellador-acrilico"" target=""_blank"" rel=""noopener"" style=""display:inline-block;padding:12px 22px;background:#1a1a1a;color:#ffffff;text-decoration:none;border-radius:6px;font-weight:700;font-size:15px;"">📄 Ver ficha técnica completa</a></p>",Biomassa,Construcción,"Masillas y Pre-pintura, Biomassa",TRUE,Título,Default Title,,,,,SAB001,1880.00,,10,deny,https://www.biomassa.com.uy/web/image/product.product/576/image_1920?unique=7e4d386,1,,
bm-sellador-pu-20-921,Sellador PU 20,<ul><li>Sellador Poliuretano 20 | Biomassa Uruguay</li></ul>,Biomassa,Construcción,"Selladores, Biomassa",TRUE,Color,Negro,,,,,SE01,690.00,,10,deny,https://www.biomassa.com.uy/web/image/product.template/921/image_1920?unique=0ba3123,1,,
bm-sellador-pu-20-921,,,,,,,,Blanco,,,,,SE03,690.00,,10,deny,,,,
bm-sellador-pu-20-921,,,,,,,,Gris,,,,,SE04,690.00,,10,deny,,,,
bm-sellador-pu-20-921,,,,,,,,,,,,,,,,,,https://www.biomassa.com.uy/web/image/product.product/798/image_1920?unique=0ba3123,2,,
bm-sellador-pu-20-921,,,,,,,,,,,,,,,,,,https://www.biomassa.com.uy/web/image/product.product/797/image_1920?unique=0ba3123,3,,
bm-sellador-pu-20-921,,,,,,,,,,,,,,,,,,https://www.biomassa.com.uy/web/image/product.product/799/image_1920?unique=0ba3123,4,,
bm-sellador-pu-40-922,Sellador PU 40,<ul><li>Sellador Poliuretano 40 | Biomassa Uruguay</li></ul>,Biomassa,Construcción,"Selladores, Biomassa",TRUE,Color,Negro,,,,,SE02,490.00,,10,deny,https://www.biomassa.com.uy/web/image/product.template/922/image_1920?unique=0e204ab,1,,
bm-sellador-pu-40-922,,,,,,,,Blanco,,,,,SE05,490.00,,10,deny,,,,
bm-sellador-pu-40-922,,,,,,,,Gris,,,,,SE06,490.00,,10,deny,,,,
bm-sellador-pu-40-922,,,,,,,,,,,,,,,,,,https://www.biomassa.com.uy/web/image/product.product/801/image_1920?unique=0e204ab,2,,
bm-sellador-pu-40-922,,,,,,,,,,,,,,,,,,https://www.biomassa.com.uy/web/image/product.product/800/image_1920?unique=0e204ab,3,,
bm-sellador-pu-40-922,,,,,,,,,,,,,,,,,,https://www.biomassa.com.uy/web/image/product.product/802/image_1920?unique=0e204ab,4,,
